[
  {
    "model": "socifras.artista",
    "pk": 1,
    "fields": {
      "nome": "Amado Batista",
      "email": "amadobatista@gmail.com"
    }
  },
  {
    "model": "socifras.artista",
    "pk": 2,
    "fields": {
      "nome": "Chitãozinho e Xororó",
      "email": "chitaozinhoexororo@gmail.com"
    }
  },
  {
    "model": "socifras.artista",
    "pk": 3,
    "fields": {
      "nome": "Gusttavo Lima",
      "email": "gusttavolima@gmail.com"
    }
  },
  {
    "model": "socifras.artista",
    "pk": 4,
    "fields": {
      "nome": "João Bosco e Vinícius",
      "email": "joaoboscoevinicius@gmail.com"
    }
  },
  {
    "model": "socifras.artista",
    "pk": 5,
    "fields": {
      "nome": "João Neto e Frederico",
      "email": "joaonetoefedrerico@gmail.com"
    }
  },
  {
    "model": "socifras.artista",
    "pk": 6,
    "fields": {
      "nome": "Luan Santana",
      "email": "luansantana@gmail.com"
    }
  },
  {
    "model": "socifras.artista",
    "pk": 7,
    "fields": {
      "nome": "Matogrosso e Mathias",
      "email": "matogrossoemathias@gmail.com"
    }
  },
  {
    "model": "socifras.artista",
    "pk": 8,
    "fields": {
      "nome": "Michel Teló",
      "email": "micheltelo@gmail.com"
    }
  },
  {
    "model": "socifras.artista",
    "pk": 9,
    "fields": {
      "nome": "Sorriso Maroto",
      "email": "sorrisomaroto@gmail.com"
    }
  },
  {
    "model": "socifras.artista",
    "pk": 10,
    "fields": {
      "nome": "Zé Neto e Cristiano",
      "email": "zenetoecristiano@gmail.com"
    }
  },
  {
    "model": "socifras.artista",
    "pk": 11,
    "fields": {
      "nome": "Zezé di Camargo e Luciano",
      "email": "zezedicamargoeluciano@gmail.com"
    }
  },
  {
    "model": "socifras.artista",
    "pk": 12,
    "fields": {
      "nome": "Luana Prado",
      "email": "luanaprado@gmail.com"
    }
  },
  {
    "model": "socifras.artista",
    "pk": 13,
    "fields": {
      "nome": "Luan Estilizado",
      "email": "luanestilizado@gmail.com"
    }
  },
  {
    "model": "socifras.artista",
    "pk": 14,
    "fields": {
      "nome": "CLeber e Cauan",
      "email": "cleberecauan@gmail.com"
    }
  },
  {
    "model": "socifras.artista",
    "pk": 15,
    "fields": {
      "nome": "César Menotti e Fabiano",
      "email": "cesarmenottiefabiano@gmail.com"
    }
  },
  {
    "model": "socifras.artista",
    "pk": 16,
    "fields": {
      "nome": "Rick e Rener",
      "email": "rickerener@gmail.com"
    }
  },
  {
    "model": "socifras.artista",
    "pk": 17,
    "fields": {
      "nome": "Gustavo Mioto",
      "email": "gustavomioto@gmail.com"
    }
  },
  {
    "model": "socifras.artista",
    "pk": 18,
    "fields": {
      "nome": "Gustavo Henrique",
      "email": "gustavohenrique@gmail.com"
    }
  },
  {
    "model": "socifras.artista",
    "pk": 19,
    "fields": {
      "nome": "Gustavo Menezes",
      "email": "gustavomenezes@gmail.com"
    }
  },
  {
    "model": "socifras.artista",
    "pk": 20,
    "fields": {
      "nome": "Paula Fernandes",
      "email": "paulafernandes@gmail.com"
    }
  },
  {
    "model": "socifras.genero",
    "pk": 1,
    "fields": {
      "descricao": "Sertanejo Raiz"
    }
  },
  {
    "model": "socifras.genero",
    "pk": 2,
    "fields": {
      "descricao": "Sertanejo Universitário"
    }
  },
  {
    "model": "socifras.genero",
    "pk": 3,
    "fields": {
      "descricao": "Forró"
    }
  },
  {
    "model": "socifras.genero",
    "pk": 4,
    "fields": {
      "descricao": "Pagode"
    }
  },
  {
    "model": "socifras.genero",
    "pk": 5,
    "fields": {
      "descricao": "Funk"
    }
  },
  {
    "model": "socifras.genero",
    "pk": 6,
    "fields": {
      "descricao": "Axé"
    }
  },
  {
    "model": "socifras.genero",
    "pk": 7,
    "fields": {
      "descricao": "MPB"
    }
  },
  {
    "model": "socifras.genero",
    "pk": 8,
    "fields": {
      "descricao": "Rock"
    }
  },
  {
    "model": "socifras.genero",
    "pk": 9,
    "fields": {
      "descricao": "Pop"
    }
  },
  {
    "model": "socifras.genero",
    "pk": 10,
    "fields": {
      "descricao": "Eletrônica"
    }
  },
  {
    "model": "socifras.genero",
    "pk": 11,
    "fields": {
      "descricao": "Reggae"
    }
  },
  {
    "model": "socifras.genero",
    "pk": 12,
    "fields": {
      "descricao": "Samba"
    }
  },
  {
    "model": "socifras.genero",
    "pk": 13,
    "fields": {
      "descricao": "Rap"
    }
  },
  {
    "model": "socifras.genero",
    "pk": 14,
    "fields": {
      "descricao": "Folk"
    }
  },
  {
    "model": "socifras.videoaulas",
    "pk": 1,
    "fields": {
      "nome": "Evidencias",
      "site": "https://www.cifraclub.com.br/chitaozinho-e-xororo/evidencias/"
    }
  },
  {
    "model": "socifras.videoaulas",
    "pk": 2,
    "fields": {
      "nome": "Ainda Bem",
      "site": "https://www.cifraclub.com.br/chitaozinho-e-xororo/ainda-bem/"
    }
  },
  {
    "model": "socifras.videoaulas",
    "pk": 3,
    "fields": {
      "nome": "Aquele Abraço",
      "site": "https://www.cifraclub.com.br/chitaozinho-e-xororo/aquele-abraco/"
    }
  },
  {
    "model": "socifras.videoaulas",
    "pk": 4,
    "fields": {
      "nome": "Aquele 1% (part. Jorge e Mateus)",
      "site": "https://www.cifraclub.com.br/chitaozinho-e-xororo/aquele-1-part-jorge-e-mateus/"
    }
  },
  {
    "model": "socifras.videoaulas",
    "pk": 5,
    "fields": {
      "nome": "Saudade da Minha Terra",
      "site": "https://www.cifraclub.com.br/chitaozinho-e-xororo/saudades-da-minha-terra/"
    }
  },
  {
    "model": "socifras.videoaulas",
    "pk": 6,
    "fields": {
      "nome": "Página de Amigos",
      "site": "https://www.cifraclub.com.br/chitaozinho-e-xororo/pagina-de-amigos/"
    }
  },
  {
    "model": "socifras.videoaulas",
    "pk": 7,
    "fields": {
      "nome": "Sinônimos",
      "site": "https://www.cifraclub.com.br/chitaozinho-e-xororo/sinonimos/"
    }
  },
  {
    "model": "socifras.videoaulas",
    "pk": 8,
    "fields": {
      "nome": "Ainda Ontem Chorei de Saudade",
      "site": "https://www.cifraclub.com.br/chitaozinho-e-xororo/ainda-ontem-chorei-de-saudade/"
    }
  },
  {
    "model": "socifras.videoaulas",
    "pk": 9,
    "fields": {
      "nome": "Termina Comigo Antes",
      "site": "https://www.cifraclub.com.br/gusttavo-lima/termina-comigo-antes//"
    }
  },
  {
    "model": "socifras.videoaulas",
    "pk": 10,
    "fields": {
      "nome": "Na Hora de Amar",
      "site": "https://www.cifraclub.com.br/gusttavo-lima/na-hora-de-amar/"
    }
  },
  {
    "model": "socifras.videoaulas",
    "pk": 11,
    "fields": {
      "nome": "Inventor Dos Amores",
      "site": "https://www.cifraclub.com.br/gusttavo-lima/inventor-dos-amores/"
    }
  },
  {
    "model": "socifras.videoaulas",
    "pk": 12,
    "fields": {
      "nome": "Saudade da Minha Vida",
      "site": "https://www.cifraclub.com.br/gusttavo-lima/saudade-da-minha-vida/"
    }
  },
  {
    "model": "socifras.videoaulas",
    "pk": 13,
    "fields": {
      "nome": "Ficha Limpa",
      "site": "https://www.cifraclub.com.br/gusttavo-lima/ficha-limpa/"
    }
  },
  {
    "model": "socifras.videoaulas",
    "pk": 14,
    "fields": {
      "nome": "Coração Apertado",
      "site": "https://www.cifraclub.com.br/gusttavo-lima/coracao-apertado/"
    }
  },
  {
    "model": "socifras.musica",
    "pk": 1,
    "fields": {
      "nome": "Evidências",
      "genero_id": 1,
      "videoaulas_id": 1,
      "artista": [1]
    }
  },
  {
    "model": "socifras.musica",
    "pk": 2,
    "fields": {
      "nome": "Ainda Bem",
      "genero_id": 2,
      "videoaulas_id": 2,
      "artista": [2]
    }
  },
  {
    "model": "socifras.musica",
    "pk": 3,
    "fields": {
      "nome": "Aquele Abraço",
      "genero_id": 3,
      "videoaulas_id": 3,
      "artista": [3]
    }
  },
  {
    "model": "socifras.musica",
    "pk": 4,
    "fields": {
      "nome": "Aquele 1%",
      "genero_id": 4,
      "videoaulas_id": 4,
      "artista": [4]
    }
  },
  {
    "model": "socifras.musica",
    "pk": 5,
    "fields": {
      "nome": "Saudades da Minha Terra",
      "genero_id": 5,
      "videoaulas_id": 5,
      "artista": [5]
    }
  },
  {
    "model": "socifras.musica",
    "pk": 6,
    "fields": {
      "nome": "Página de Amigos",
      "genero_id": 6,
      "videoaulas_id": 6,
      "artista": [6]
    }
  },
  {
    "model": "socifras.musica",
    "pk": 7,
    "fields": {
      "nome": "Sinônimos",
      "genero_id": 7,
      "videoaulas_id": 7,
      "artista": [7]
    }
  },
  {
    "model": "socifras.musica",
    "pk": 8,
    "fields": {
      "nome": "Ainda Ontem Chorei de Saudade",
      "genero_id": 8,
      "videoaulas_id": 8,
      "artista": [8]
    }
  },
  {
    "model": "socifras.musica",
    "pk": 9,
    "fields": {
      "nome": "Termina Comigo Antes",
      "genero_id": 9,
      "videoaulas_id": 9,
      "artista": [9]
    }
  },
  {
    "model": "socifras.musica",
    "pk": 10,
    "fields": {
      "nome": "Na Hora de Amar",
      "genero_id": 10,
      "videoaulas_id": 10,
      "artista": [10]
    }
  },
  {
    "model": "socifras.musica",
    "pk": 11,
    "fields": {
      "nome": "Inventor Dos Amores",
      "genero_id": 11,
      "videoaulas_id": 11,
      "artista": [11]
    }
  },
  {
    "model": "socifras.musica",
    "pk": 12,
    "fields": {
      "nome": "Saudade da Minha Vida",
      "genero_id": 12,
      "videoaulas_id": 12,
      "artista": [12]
    }
  },
  {
    "model": "socifras.musica",
    "pk": 13,
    "fields": {
      "nome": "Ficha Limpa",
      "genero_id": 13,
      "videoaulas_id": 13,
      "artista": [13]
    }
  },
  {
    "model": "socifras.musica",
    "pk": 14,
    "fields": {
      "nome": "Coração Apertado",
      "genero_id": 14,
      "videoaulas_id": 14,
      "artista": [14]
    }
  },
  {
    "model": "socifras.musica",
    "pk": 15,
    "fields": {
      "nome": "Ainda Ontem Chorei de Saudade",
      "genero_id": 1,
      "videoaulas_id": 2,
      "artista": [2]
    }
  },
  {
    "model": "socifras.musica",
    "pk": 16,
    "fields": {
      "nome": "Termina Comigo Antes",
      "genero_id": 2,
      "videoaulas_id": 3,
      "artista": [3]
    }
  },
  {
    "model": "socifras.musica",
    "pk": 17,
    "fields": {
      "nome": "Inventor Dos Amores",
      "genero_id": 3,
      "videoaulas_id": 4,
      "artista": [4]
    }
  },
  {
    "model": "socifras.musica",
    "pk": 18,
    "fields": {
      "nome": "Saudade da Minha Vida",
      "genero_id": 5,
      "videoaulas_id": 6,
      "artista": [5]
    }
  },
  {
    "model": "socifras.musica",
    "pk": 19,
    "fields": {
      "nome": "Ficha Limpa",
      "genero_id": 6,
      "videoaulas_id": 7,
      "artista": [6]
    }
  },
  {
    "model": "socifras.musica",
    "pk": 20,
    "fields": {
      "nome": "Coração Apertado",
      "genero_id": 7,
      "videoaulas_id": 8,
      "artista": [7]
    }
  },
  {
    "model": "socifras.musica",
    "pk": 21,
    "fields": {
      "nome": "Ainda Ontem Chorei de Saudade",
      "genero_id": 8,
      "videoaulas_id": 9,
      "artista": [8]
    }
  },
  {
    "model": "socifras.musica",
    "pk": 22,
    "fields": {
      "nome": "Termina Comigo Antes",
      "genero_id": 9,
      "videoaulas_id": 10,
      "artista": [9]
    }
  },
  {
    "model": "socifras.musica",
    "pk": 23,
    "fields": {
      "nome": "Inventor Dos Amores",
      "genero_id": 10,
      "videoaulas_id": 11,
      "artista": [10]
    }
  },
  {
    "model": "socifras.musica",
    "pk": 24,
    "fields": {
      "nome": "Saudade da Minha Vida",
      "genero_id": 11,
      "videoaulas_id": 12,
      "artista": [11]
    }
  },
  {
    "model": "socifras.musica",
    "pk": 25,
    "fields": {
      "nome": "Ficha Limpa",
      "genero_id": 12,
      "videoaulas_id": 13,
      "artista": [12]
    }
  },
  {
    "model": "socifras.musica",
    "pk": 26,
    "fields": {
      "nome": "Coração Apertado",
      "genero_id": 13,
      "videoaulas_id": 14,
      "artista": [13]
    }
  },
  {
    "model": "socifras.musica",
    "pk": 27,
    "fields": {
      "nome": "Ainda Ontem Chorei de Saudade",
      "genero_id": 14,
      "videoaulas_id": 14,
      "artista": [1]
    }
  },
  {
    "model": "socifras.musica",
    "pk": 28,
    "fields": {
      "nome": "Termina Comigo Antes",
      "genero_id": 2,
      "videoaulas_id": 9,
      "artista": [2]
    }
  },
  {
    "model": "socifras.musica",
    "pk": 29,
    "fields": {
      "nome": "Inventor Dos Amores",
      "genero_id": 3,
      "videoaulas_id": 4,
      "artista": [3]
    }
  },
  {
    "model": "socifras.musica",
    "pk": 30,
    "fields": {
      "nome": "Saudade da Minha Vida",
      "genero_id": 4,
      "videoaulas_id": 5,
      "artista": [4]
    }
  },
  {
    "model": "socifras.musica",
    "pk": 31,
    "fields": {
      "nome": "Ficha Limpa",
      "genero_id": 5,
      "videoaulas_id": 6,
      "artista": [5]
    }
  },
  {
    "model": "socifras.musica",
    "pk": 32,
    "fields": {
      "nome": "Coração Apertado",
      "genero_id": 6,
      "videoaulas_id": 7,
      "artista": [5]
    }
  },
  {
    "model": "socifras.musica",
    "pk": 33,
    "fields": {
      "nome": "Ainda Ontem Chorei de Saudade",
      "genero_id": 7,
      "videoaulas_id": 8,
      "artista": [6]
    }
  },
  {
    "model": "socifras.musica",
    "pk": 34,
    "fields": {
      "nome": "Termina Comigo Antes",
      "genero_id": 8,
      "videoaulas_id": 9,
      "artista": [7]
    }
  },
  {
    "model": "socifras.musica",
    "pk": 35,
    "fields": {
      "nome": "Inventor Dos Amores",
      "genero_id": 10,
      "videoaulas_id": 11,
      "artista": [8]
    }
  },
  {
    "model": "socifras.musica",
    "pk": 36,
    "fields": {
      "nome": "Saudade da Minha Vida",
      "genero_id": 11,
      "videoaulas_id": 12,
      "artista": [6]
    }
  },
  {
    "model": "socifras.musica",
    "pk": 37,
    "fields": {
      "nome": "Ficha Limpa",
      "genero_id": 12,
      "videoaulas_id": 13,
      "artista": [9]
    }
  },
  {
    "model": "socifras.musica",
    "pk": 38,
    "fields": {
      "nome": "Coração Apertado",
      "genero_id": 13,
      "videoaulas_id": 14,
      "artista": [10]
    }
  },
  {
    "model": "socifras.musica",
    "pk": 39,
    "fields": {
      "nome": "Ainda Ontem Chorei de Saudade",
      "genero_id": 1,
      "videoaulas_id": 8,
      "artista": [7]
    }
  },
  {
    "model": "socifras.musica",
    "pk": 40,
    "fields": {
      "nome": "Termina Comigo Antes",
      "genero_id": 2,
      "videoaulas_id": 9,
      "artista": [10]
    }
  },
  {
    "model": "socifras.musica",
    "pk": 41,
    "fields": {
      "nome": "Inventor Dos Amores",
      "genero_id": 3,
      "videoaulas_id": 11,
      "artista": [9]
    }
  },
  {
    "model": "socifras.musica",
    "pk": 42,
    "fields": {
      "nome": "Saudade da Minha Vida",
      "genero_id": 4,
      "videoaulas_id": 12,
      "artista": [8]
    }
  },
  {
    "model": "socifras.musica",
    "pk": 43,
    "fields": {
      "nome": "Ficha Limpa",
      "genero_id": 5,
      "videoaulas_id": 13,
      "artista": [7]
    }
  },
  {
    "model": "socifras.musica",
    "pk": 44,
    "fields": {
      "nome": "Coração Apertado",
      "genero_id": 6,
      "videoaulas_id": 14,
      "artista": [6]
    }
  },
  {
    "model": "socifras.musica",
    "pk": 45,
    "fields": {
      "nome": "Ainda Ontem Chorei de Saudade",
      "genero_id": 7,
      "videoaulas_id": 8,
      "artista": [5]
    }
  },
  {
    "model": "socifras.musica",
    "pk": 46,
    "fields": {
      "nome": "Termina Comigo Antes",
      "genero_id": 8,
      "videoaulas_id": 9,
      "artista": [4]
    }
  },
  {
    "model": "socifras.musica",
    "pk": 47,
    "fields": {
      "nome": "Inventor Dos Amores",
      "genero_id": 9,
      "videoaulas_id": 11,
      "artista": [3]
    }
  },
  {
    "model": "socifras.musica",
    "pk": 48,
    "fields": {
      "nome": "Saudade da Minha Vida",
      "genero_id": 10,
      "videoaulas_id": 12,
      "artista": [2]
    }
  },
  {
    "model": "socifras.musica",
    "pk": 49,
    "fields": {
      "nome": "Ficha Limpa",
      "genero_id": 11,
      "videoaulas_id": 13,
      "artista": [1]
    }
  },
  {
    "model": "socifras.musica",
    "pk": 50,
    "fields": {
      "nome": "Coração Apertado",
      "genero_id": 12,
      "videoaulas_id": 14,
      "artista": [8]
    }
  },
  {
    "model": "socifras.usuario",
    "pk": 1,
    "fields": {
      "password": "pbkdf2_sha256$390000$FoDCBAuMS4wLOr5vohOXAU$CZWVEuXCRf6AcQrz4UOr6lP/ltd5Zot+yVlzkEn9LlY=",
      "last_login": "2023-03-22T17:16:28Z",
      "is_superuser": true,
      "username": "admin",
      "first_name": "Admin",
      "last_name": "",
      "email": "admin@admin.com",
      "is_staff": true,
      "is_active": true,
      "date_joined": "2023-03-21T17:38:41Z",
      "cpf": "02918311928",
      "telefone": "47984216400",
      "data_nascimento": "2022-06-30",
      "groups": [2],
      "user_permissions": []
    }
  },
  {
    "model": "socifras.usuario",
    "pk": 2,
    "fields": {
      "password": "pbkdf2_sha256$390000$UJI40no18DSuTuULTvtdW7$2MibYG9NwpjMvYt2cy90D9tZ0cV1C0BzdWVKC+o0HJg=",
      "last_login": null,
      "is_superuser": false,
      "username": "usuario",
      "first_name": "Usuario",
      "last_name": "",
      "email": "usuario@usuario.com",
      "is_staff": false,
      "is_active": true,
      "date_joined": "2023-03-21T18:05:23Z",
      "cpf": "10648761967",
      "telefone": "47999422810",
      "data_nascimento": "2023-03-21",
      "groups": [1],
      "user_permissions": []
    }
  },
  {
    "model": "uploader.image",
    "pk": 1,
    "fields": {
      "attachment_key": "18284d4d-c9e7-43ce-859d-3fd96fac339a",
      "public_id": "99ac613a-13e7-48e6-a9a7-b98667d91914",
      "file": "images/99ac613a-13e7-48e6-a9a7-b98667d91914.jpg",
      "description": "musica",
      "uploaded_on": "2022-09-16T21:42:12.903Z"
    }
  },
  {
    "model": "uploader.image",
    "pk": 2,
    "fields": {
      "attachment_key": "18284d4d-c9e7-43ce-859d-3fd96fac339a",
      "public_id": "99ac613a-13e7-48e6-a9a7-b98667d91914",
      "file": "images/99ac613a-13e7-48e6-a9a7-b98667d91914.jpg",
      "description": "musica",
      "uploaded_on": "2022-09-16T21:42:12.903Z"
    }
  },
  {
    "model": "uploader.image",
    "pk": 3,
    "fields": {
      "attachment_key": "18284d4d-c9e7-43ce-859d-3fd96fac339a",
      "public_id": "99ac613a-13e7-48e6-a9a7-b98667d91914",
      "file": "images/99ac613a-13e7-48e6-a9a7-b98667d91914.jpg",
      "description": "musica",
      "uploaded_on": "2022-09-16T21:42:12.903Z"
    }
  },
  {
    "model": "uploader.image",
    "pk": 4,
    "fields": {
      "attachment_key": "18284d4d-c9e7-43ce-859d-3fd96fac339a",
      "public_id": "99ac613a-13e7-48e6-a9a7-b98667d91914",
      "file": "images/99ac613a-13e7-48e6-a9a7-b98667d91914.jpg",
      "description": "musica",
      "uploaded_on": "2022-09-16T21:42:12.903Z"
    }
  },
  {
    "model": "uploader.image",
    "pk": 5,
    "fields": {
      "attachment_key": "18284d4d-c9e7-43ce-859d-3fd96fac339a",
      "public_id": "99ac613a-13e7-48e6-a9a7-b98667d91914",
      "file": "images/99ac613a-13e7-48e6-a9a7-b98667d91914.jpg",
      "description": "musica",
      "uploaded_on": "2022-09-16T21:42:12.903Z"
    }
  },
  {
    "model": "uploader.image",
    "pk": 6,
    "fields": {
      "attachment_key": "18284d4d-c9e7-43ce-859d-3fd96fac339a",
      "public_id": "99ac613a-13e7-48e6-a9a7-b98667d91914",
      "file": "images/99ac613a-13e7-48e6-a9a7-b98667d91914.jpg",
      "description": "musica",
      "uploaded_on": "2022-09-16T21:42:12.903Z"
    }
  },
  {
    "model": "uploader.image",
    "pk": 7,
    "fields": {
      "attachment_key": "18284d4d-c9e7-43ce-859d-3fd96fac339a",
      "public_id": "99ac613a-13e7-48e6-a9a7-b98667d91914",
      "file": "images/99ac613a-13e7-48e6-a9a7-b98667d91914.jpg",
      "description": "musica",
      "uploaded_on": "2022-09-16T21:42:12.903Z"
    }
  },
  {
    "model": "uploader.image",
    "pk": 8,
    "fields": {
      "attachment_key": "18284d4d-c9e7-43ce-859d-3fd96fac339a",
      "public_id": "99ac613a-13e7-48e6-a9a7-b98667d91914",
      "file": "images/99ac613a-13e7-48e6-a9a7-b98667d91914.jpg",
      "description": "musica",
      "uploaded_on": "2022-09-16T21:42:12.903Z"
    }
  },
  {
    "model": "uploader.image",
    "pk": 9,
    "fields": {
      "attachment_key": "18284d4d-c9e7-43ce-859d-3fd96fac339a",
      "public_id": "99ac613a-13e7-48e6-a9",
      "file": "images/99ac613a-13e7-48e6-a9a7-b98667d91914.jpg",
      "description": "musica",
      "uploaded_on": "2022-09-16T21:42:12.903Z"
    }
  },
  {
    "model": "uploader.image",
    "pk": 10,
    "fields": {
      "attachment_key": "18284d4d-c9e7-43ce-859d-3fd96fac339a",
      "public_id": "99ac613a-13e7-48e6-a9a7-b98667d91914",
      "file": "images/99ac613a-13e7-48e6-a9a7-b98667d91914.jpg",
      "description": "musica",
      "uploaded_on": "2022-09-16T21:42:12.903Z"
    }
  },
  {
    "model": "uploader.image",
    "pk": 11,
    "fields": {
      "attachment_key": "18284d4d-c9e7-43ce-859d-3fd96fac339a",
      "public_id": "99ac613a-13e7-48e6-a9a7-b98667d91914",
      "file": "images/99ac613a-13e7-48e6-a9a7-b98667d91914.jpg",
      "description": "musica",
      "uploaded_on": "2022-09-16T21:42:12.903Z"
    }
  },
  {
    "model": "uploader.image",
    "pk": 12,
    "fields": {
      "attachment_key": "18284d4d-c9e7-43ce-859d-3fd96fac339a",
      "public_id": "99ac613a-13e7-48e6-a9a7-b98667d91914",
      "file": "images/99ac613a-13e7-48e6-a9a7-b98667d91914.jpg",
      "description": "musica",
      "uploaded_on": "2022-09-16T21:42:12.903Z"
    }
  },
  {
    "model": "uploader.image",
    "pk": 13,
    "fields": {
      "attachment_key": "18284d4d-c9e7-43ce-859d-3fd96fac339a",
      "public_id": "99ac613a-13e7-48e6-a9",
      "file": "images/99ac613a-13e7-48e6-a9a7-b98667d91914.jpg",
      "description": "musica",
      "uploaded_on": "2022-09-16T21:42:12.903Z"
    }
  },
  {
    "model": "uploader.image",
    "pk": 14,
    "fields": {
      "attachment_key": "18284d4d-c9e7-43ce-859d-3fd96fac339a",
      "public_id": "99ac613a-13e7-48e6-a9a7-b98667d91914",
      "file": "images/99ac613a-13e7-48e6-a9a7-b98667d91914.jpg",
      "description": "musica",
      "uploaded_on": "2022-09-16T21:42:12.903Z"
    }
  },
  {
    "model": "uploader.image",
    "pk": 15,
    "fields": {
      "attachment_key": "18284d4d-c9e7-43ce-859d-3fd96fac339a",
      "public_id": "99ac613a-13e7-48e6-a9a7-b98667d91914",
      "file": "images/99ac613a-13e7-48e6-a9a7-b98667d91914.jpg",
      "description": "musica",
      "uploaded_on": "2022-09-16T21:42:12.903Z"
    }
  },
  {
    "model": "uploader.image",
    "pk": 16,
    "fields": {
      "attachment_key": "18284d4d-c9e7-43ce-859d-3fd96fac339a",
      "public_id": "99ac613a-13e7-48e6-a9a7-b98667d91914",
      "file": "images/99ac613a-13e7-48e6-a9a7-b98667d91914.jpg",
      "description": "musica",
      "uploaded_on": "2022-09-16T21:42:12.903Z"
    }
  }
]
